code,crime_severity,priority_code,description
10-6,N,ADM,Busy
1010,N,ADM,SUBJECT TO CALL
1013,N,SERV,Road/weather conditions
1014,N,SERV,PUBSER ESCORT
1016,A,ADM,PRISONER TRANS
1017,A,ADM,PICKUP PAPER
1019,N,ADM,Out at Station
1021,N,ADM,OUT PHONE CALL
1023,N,SERV,Stand-by
1048,N,ADM,Coffee Break
10751,F,P3,VEH ALTERED SN
10752,F,P3,FRAUD USE OF VIN
10801,F,P3,CHOP OWNER OPS
10802,F,P3,CHOP ACTIVITIES
10803,F,P3,CHOP BUY & SELL
10851,F,P4,Vehicle taken/driven without owner's consent (joyriding/GTA)
10851R,F,P4,GTA REPORT
10852,M,P4,VEH TAMPERING JO / VEH TAMPERING IP / VEH TAMPERING RP
10853,M,P4,VEH TAMPERING JO / VEH TAMPERING IP / VEH TAMPERING RP
10855,F,P4,EMBZL VEH RPT
1087,N,SERV,MEET UNIT
109,N,ADM,Undefined or legacy status code
1124,M,P4,ABANDON VEH
1125,N,SERV,TRAFFIC HAZARD
1125A,N,SERV,Animal Hazard
1126,N,SERV,STRAND MOTORIST
1126B,N,SERV,STRAND BOAT
11350,M,P4,POSS NARCOTICS / POSS NARCS RPT
11350A,,,Possession of controlled substance (HS 11350(a))
11351,F,P4,POSS HEROIN SALE / HEROIN SALE RPT
11351.5,,,Possession/purchase of cocaine base for sale
11352,F,P4,TRANSP OF HEROIN / TRANS HEROIN RPT
11352R,F,P4,TRANS HEROIN RPT
11357,M,P4,POSSESSION MJ / POSS OF MJ RPT
11357A,M,P4,POSS CANABIS
11357B,M,P4,POSS MJ LESS OZ
11357C,M,P4,POSS MJ MORE OZ
11357E,M,P3,POSS MJ SCHOOL
11358,W,P4,CULTIVATION MJ / CULTV OF MJ RPT
11359,F,P4,MJ FOR SALE / MJ FOR SALE RPT
11360,F,P4,SALES OF MJ / SALES OF MJ RPT
11364,M,P4,PARAPHERNALIA / PARAPH RPT
11366,F,P3,DISPENSE NARC
113668,F,P3,False compartment
11368,W,P4,FORGING PRESRPT / FORGING PX RPT
11369,F,P4,ALIEN ARR DRUGS / ALIEN ARR DRG RP
11370.1,,,Possession of controlled substance while armed
11377,F,P4,POSS DANG DRUGS / POSS XX DRUGS RP
11377A,M,P4,POSS CNTL SUBST
11377B,M,P4,POSS CNTL SUBST
11378,F,P4,POSS FOR SALES / POSS FOR SALE RP
11378.5,,,Possession of PCP/analog/precursor for sale
11379,F,P4,UL SALE OF SPEED / UL SALE SPEED RP
113795,F,P2,Sale of PCP
113796,F,P2,PCP/METH LAB
11383A,F,P3,METH CHEMICALS
11383B,F,P3,PCP CHEMICALS
11383C,M,P3,POSS EPHEDRINE
11395,,,Treatment-mandated felony hard-drug possession with qualifying priors
1144,F,P4,FATAL T/C / FATAL T/C RPT
1144B,F,P4,FATAL BOAT TC / FATAL BOAT TC RP
1144BR,F,P4,FATAL BOAT TC RP
1144R,F,P4,FATAL T/C RPT
1148,A,ADM,Transport
11550,M,P4,UNDR INFL DRUGS / UNDR INFL HS RPT
11590,A,P4,H&S REGISTRANT
1179,N,SERV,TC W/MEDAID ENRT
1179B,N,SERV,BOAT TC W/MEDAID
1179BR,N,SERV,BOAT TC W/MEDAID
1179R,N,P4,TC W/MEDAID ENRT
118,F,P4,PERJURY REPORT
1180,N,P4,MAJOR INJURY TC / MAJ INJ TC RPT
1180B,N,P4,MAJOR INJ BOAT / MAJ INJ BOAT RPT
1180BR,N,P4,MAJ INJ BOAT RPT
1180R,N,P4,MAJ INJ TC RPT
1181,N,P4,MINOR INJ TC / MINOR INJ TC RPT
1181B,N,P4,MINOR INJ BT TC / MINOR INJ BT RP
1181R,N,P4,MINOR INJ TC RPT
1182,N,P4,NON INJ TC / NON INJ TC RPT
1182B,N,P4,NON INJ BOAT TC / 1182 BOAT TC RPT
1183,N,P3,UNK INJ TC
1183B,N,P3,UNK INJ TC BOAT
1184,N,SERV,DIRECT TRAFFIC
1185,N,SERV,TOW REQUEST
118G,F,P4,PERJURY GANG
12020,W,P4,Report of illegal firearm possession or manufacture
12020G,W,P3,Illegal firearm offense with gang involvement
12020R,W,P4,Report of illegal firearm offense
12021,W,P4,Report of prohibited person firearm possession
12021G,W,P3,Prohibited firearm possession with gang enhancement
12021R,W,P4,Report of prohibited firearm possession
12022,W,P3,Firearm sentencing enhancement allegation
12022G,W,P3,Firearm enhancement with gang allegation
12025,W,P4,Report of concealed firearm violation
12025G,W,P3,Concealed firearm offense with gang involvement
12025R,W,P4,Report of concealed firearm violation
1203.2,A,P3,PROB VIOLATION
1203.2G,A,P3,PROB VIOL GANG
1203.9,A,P4,VERIFY RESIDENCE
12031,W,P4,Report of short-barreled firearm possession
12031G,W,P3,Short-barreled firearm offense with gang involvement
12031R,W,P4,Report of short-barreled firearm offense
12034,W,P4,Report of negligent firearm discharge
12034G,W,P3,Negligent firearm discharge with gang involvement
12072,W,P3,Illegal firearm sale or transfer
12091,A,P4,Firearm registration or compliance issue
12091G,A,P4,Firearm registration issue with gang involvement
12101B1,W,P3,Minor in possession of firearm
12101B1(F),W,P3,Firearm offense involving a minor (felony circumstances)
12280,W,P3,Possession or manufacture of assault weapon
12303,W,P4,Report of destructive device or explosive
12303G,W,P3,Explosive offense with gang involvement
12303R,W,P4,Report of explosive offense
12308,F,P2,Explosion causing injury or property damage
12309,F,P2,Explosion with intent to cause harm
12310,F,P4,Report of explosive possession
12310R,F,P4,Report of explosive possession
12312,F,P2,Malicious explosion causing injury
12355,A,P4,Fireworks permit or regulatory violation
12500A,M,P3,DRIVING W/O LIC
12671,M,P4,UNREG FIREWORKS
12677,M,P3,DANGEROUS FIREWK
136,W,P3,INTIMIDATING WIT
136.1,W,P3,DISSUADING WIT
136B,W,P3,INTIMD WIT/VICT
137,F,P3,INFLU TESTIMONY
14,N,ADM,Legacy or undefined administrative code
140,W,P4,THREAT WITNESS
146,M,P4,IMPERSON OFFICER / IMPERSON OFF RPT
14601,M,P3,DRV W/SUS/RV LIC
148,M,P4,RESIST OFFCR RPT
148.1,F,P4,BOMB THREAT / BOMB THREAT RPT
148.1R,F,P4,BOMB THREAT RPT
148.3,M,P4,False Report
148.5,M,P4,FALSE RPT CRIME
148.9,M,P4,FALSE ID DEPUTY
148.9G,M,P3,FALSE ID GANG
148G,M,P3,RESISTING GANG
148R,M,P4,RESIST OFFCR RPT
149,W,P3,ASSLT BY PUB OFF
166.4,W,P4,VIOL CRT ORD JO / VIOL CRT ORD IP / VIOL CRT ORD RPT
166.4G,W,P3,VIOLCRT ORD GANG
166.4R,W,P4,VIOL CRT ORD RPT
180,A,SERV,TOW RPT
182,W,P4,CONSPIRACY RPT
186.10,F,P3,FEL MONEY LAUNDR
186.30,A,P4,GANG REGISTRATIO
187,F,P4,HOMICIDE J/O / HOMICIDE I/P / HOMICIDE RPT
187R,F,P4,HOMICIDE RPT
19,N,ADM,Legacy or undefined administrative code
192,F,P4,MANSLAUGHTER / MANSLAUGHTER RPT
20001,W,P4,INJ HIT AND RUN / INJ HIT/RUN I/P / INJ HIT/RUN RPT
20001R,W,P4,INJ HIT/RUN RPT
20002,M,P4,NON INJ HIT/RUN / NO INJ HIT/RN RP
203,F,P4,MAYHEM J/O / MAYHEM INPROG / MAYHEM RPT
203R,F,P4,MAYHEM RPT
205,F,P4,AGGRVTD MAYHEM
206,F,P4,TORTURE
207,F,P4,KIDNAPPING J/O / KIDNAPPING I/P / KIDNAPPING RPT
207R,F,P4,KIDNAPPING RPT
210.5,F,P1,TAKING HOSTAGES
210.5R,F,P4,TAKING HOSTAGES
211,F,P4,ROBBERY J/O / ROBBERY I/P / ROBBERY RPT
211A,F,P4,ROBBERY ARMED JO / ROBBERY ARMED IP / ROBBERY ARMED RP
211R,F,P4,ROBBERY RPT
211S,F,P2,ROBBERY ALARM IP
211SA,F,P4,ROBBRY STRNG ARM / ROBBERY SA I/P / ROBBERY SA RPT
211SAR,F,P4,ROBBERY SA RPT
211T,F,P2,BANK TRCKER ACTV
212.5,F,P4,RES ROBBERY RPT / RES ROBBERY J/O / RES ROBBERY I/P
212.5R,F,P4,RES ROBBERY RPT
21200,M,P3,DUI BIKE RIDER
215,F,P4,CARJACKING J/O / CARJACKING I/P / CARJACKING RPT
215R,F,P4,CARJACKING RPT
219.2,,,"Throwing/shooting missile at train, bus, or passenger/freight vessel"
22651,A,SERV,TOW AUTHORITY
22655,A,SERV,IMPOUND
22658A,M,P3,SALES TO MINOR
22669,A,SERV,ABN VEH TOW AUTH
23103,M,P4,RECKLESS DRIVING / RECKLESS DRV RPT
23103R,M,P4,RECKLESS DRV RPT
23109,M,P4,SPEED CONTEST / SPEED CONTEST RP
23110,W,P4,THROWING AT VEH / THROW AT VEH RPT
23110A,M,P3,MISD 23110
23110B,F,P3,FEL 23110
23114,M,P4,Object Flying From Vehicle
23136A,M,P3,DUI UNDER 21
23152,M,P4,DUI / DUI RPT
23152B,M,P3,DUI OVER .08%
23152C,M,P3,DUI DRUGS
23152D,M,P3,DUI ALCHOHOL .04
23152R,M,P4,DUI RPT
23153,F,P4,FELONY DUI / FELONY DUI RPT
23153R,F,P4,FELONY DUI RPT
23156,M,P3,MANS NEG DRIVNG
23175A,M,P3,DUI 4 CONV 7 YRS
23222A,I,P4,OPEN CONTAINER
23222B,M,P3,POSSESION MJ
23550A,M,P3,DUI W/3+ 23103
236,W,P3,FALSE INPRISON
236G,W,P3,FALSE INPR GANG
24/7,N,ADM,BB 24/7 Program
240,M,P4,ASSAULT J/O / ASSAULT INPROG / ASSAULT RPT
240R,M,P4,ASSAULT RPT
242,M,P4,ASSAULT J/O / ASSAULT INPROG / ASSAULT RPT
242R,M,P4,ASSAULT RPT
243,M,P4,ASSAULT OFFCR / ASSLT OFFCR RPT
243.4,M,P4,SEXUAL BATTERY / SEXUAL BATTRY RP
243.9,W,P3,243 Gassing
243B,M,P4,ASSAULT ON OFFCR / ASSLT OFFCR RPT
243D,M,P4,ASSAULT W/S INJS / ASSLT W/S INJ RP
243E1,,,Domestic battery (PC 243(e)(1))
243E1G,M,P3,DOMESTC BAT GANG
243R,M,P4,ASSLT OFFCR RPT
244,F,P4,ASSUALT W/CHEM / ASSLT W/CHEM RPT
244.5,W,P4,ASSAULT STUN/TAS / 244.5 RPT
245,F,P4,ASSAULT W/WEAPON
245C,F,P4,ADW KNIFE OFFCR / ADW KNIFE OFF RP
246,F,P4,SHOOT DWELLING / SHOOT DWELLNG RP
246.3,W,P2,DISCHAR FIREARM
246R,F,P4,SHOOT DWELLNG RP
247.5,M,P3,PT LAZER AT ACFT
248,W,P3,INTREFRE W/ACFT
25658A,M,P3,ALCHO SALE MINOR
25660,M,P4,MINOR FALSE ID
25662,M,P4,MINOR P/ALCOHOL
25663,M,P4,MINOR EMPLOY
270.5,M,P4,FAIL TO PROVIDE / 270.5 RPT
272,M,P4,CONTR TO MINOR / CONTR MINOR RPT
275,W,P4,PROC MISCARRIAGE
277,F,P2,CUSTODIAL 207
278,F,P2,NON-CUSTODY 207
278.5,F,P2,DEPRIVE CUSTODY
28.061,I,P4,NONAUTH CUCA CYN
2800,M,P5,TRAFFIC PURSUIT / FTY RPT
2800.1,M,P3,FTY MISD / FTY MISD RPT
2800.1R,M,P4,FTY MISD RPT
2800.2,F,P2,FTY FELONY / FTY FELONY RPT
2800.2R,F,P4,FTY FELONY RPT
2800.3,F,P1,FTY W/DEATH / FTY W/DEATH RPT
2800.3R,F,P4,FTY W/DEATH RPT
2800R,W,P4,FTY RPT
281,M,P4,BIGAMY RPT
290,W,P4,290 REGISTR
290FU,A,P4,290 FOLLOW UP
300,C,P4,LACK PARENT CTRL
3008.08,A,P4,PAROLE VIOLATION
300A,C,P4,LACK PARENT CTRL
300B,C,P4,UNFIT HOME
303,M,P3,SOLIC FOR ALCHOH
3056,A,P3,PAROLE VIOLATION
3056G,A,P3,PAROLE VIOL GANG
308B,I,P4,JUV W/TOBACCO
31,M,P4,FALSE INF TO DEP
311.11,F,P3,POSS/CTRL MATTR
314,M,P4,INDECENT EXPOSUR / INDECENT EXP RPT
315,M,P4,HSE OF ILL FAME
32,W,P4,ACCESSORY
320,M,P4,ILLEGAL LOTTERY
330,M,P4,GAMBLING / GAMBLING RPT
337A,M,P4,BOOKING MAKING
34500.3,A,P4,TITLE 49
34506.3,A,P4,TITLE 13
3455,A,P3,AB109 VIOLATION
346,M,P4,TICKET SCALPING
3544,A,P3,PAROLE VIOLATION
369I,M,P4,RR TRESPASS / RR TRESPASS RPT
369IR,M,P4,RR TRESPASS RPT
370,A,P4,PUBLIC NUISANCE
374.8,W,P3,ILL DUMP HAZMAT
374B,W,P3,ILLEGAL DUMP I/P / ILLEGAL DUMP RPT / ILLEGAL DUMP J/O
374C,F,P2,Shooting in road
381,M,P4,INHALE TOLUENE / IHALE TOLUENE RP
384A,M,P4,DESTRUCT HWY VEG
4024.2,A,P4,WK REL FAIL FTR
402B,M,P4,DMP FRIG W/DOOR
404.6,F,P4,INCITING A RIOT / INCITNG RIOT RPT
404.6R,F,P4,INCITNG RIOT RPT
405A,F,P2,LYNCHING RPT
407,M,P3,UNLAWFUL ASSMBLY
4149,M,P3,NON-LIC HYPODERM
415,M,P4,DISTURBANCE / DISTURBANCE RPT
415.5,N,SERV,Interfer school
415A,M,P3,Auto Disturbance
415BG,M,P3,DISTURB BF/GF
415CIV,C,P4,DISTURB CIVIL
415D,M,P3,DOMESTIC DISTURB
415DOG,N,SERV,DISTURBANCE DOG
415F,M,P3,FIGHT
415G,M,P3,DISTURBNCE GANG
415HW,M,P3,DISTURB HUS/WIFE
415J,M,P3,DISTURBNCE JUVIE
415LT,C,P4,LANDLORD/TENANT
415M,N,SERV,DISTURBNCE MUSIC
415MC,N,SERV,DISTURBANCE M/C
415N,N,SERV,NEIGHBORS
415NO,N,SERV,DISTURBNCE NOISE
415P,N,SERV,DISTURBNCE PARTY
415S,M,P3,SUBJECT DISTURB
415UNK,M,P3,DISTURBNCE UNK
415V,M,P3,DISTURB VERBAL
415VEH,M,P3,DISTURB AUTO
417,W,P4,BRANDISHING WPN / BRANDISHING I/P / BRANDISHING RPT
417R,W,P4,BRANDISHING RPT
423.2,M,P3,ANTI REPRO RGHTS
423.2A,M,P3,ANTI REPRO RGHTS
423.2C,M,P3,ANTI REPRO RGHTS
423.2E,M,P3,ANTI REPRO RGHTS
4324,W,P4,FORGING PRESCRIP / FORGE PRECRP RPT
4462B,I,P4,IMPROPER PLT/TAB
4463,M,P4,FALSE VEH REG
451,F,P4,ARSON J/O / ARSON I/P / ARSON RPT
451R,F,P4,ARSON RPT
452,W,P4,ULWFL SETNG FIRE
452R,W,P4,ULWFL SETNG FIRE
453,F,P2,ULWFL POSS EXPLS
4532,F,P4,ESCAPE / ESCAPE RPT
4532R,F,P4,ESCAPE RPT
457.1,A,P4,ARSON REGISTRNT
4573,M,P3,NARC/ALCO PRISON
4573.5,M,P3,DRUGS PRISON
4573.6,F,P3,HEROIN IN JAIL
4574,F,P3,WEAPON IN JAIL
458,F,P4,BURG FRGHT CNTNR
458R,F,P4,BURG FRGHT CNTNR
459,F,P3,BURGLARY IP / BURGLARY REPORT / BURGLARY J/O
459.5,M,P3,SHOPLIFTING IP / SHOPLIFTING RP / SHOPLIFTING JO
459A,N,P2,Burglary alarm
459C,F,P4,COMMERCL BURG JO / COMMERCL BURG IP / COMMERCL BURG RP
459CR,F,P4,COMMERCL BURG RP
459P,F,P4,BURGLARY PLANE / BURG PLANE RPT
459PR,F,P4,BURG PLANE RPT
459R,F,P4,RESID BURG J/O / RESID BURG I/P / RESID BURG RPT
459RR,F,P4,RESID BURG RPT
459S,F,P2,SILENT ALARM
459V,F,P4,VEH BURG J/O / VEH BURG I/P / VEH BURG RPT
459VR,F,P4,VEH BURG RPT
4600,A,P4,DAMAGE JAIL PROP
463,F,P2,LOOTING
466,M,P4,POSS BURG TOOLS
470,W,P4,FORGERY J/O / FORGERY I/P / FORGERY RPT
470A,W,P3,FORGERY DL/ID
470R,W,P4,FORGERY RPT
473,M,P4,FORGERY J/O MISD / FORGERY I/P MISD / FORGERY RPT MISD
475,,,FRAUD/FORGED CHK / FRAUD/FRGD CK RP
475R,,,FRAUD/FRGD CK RP
476,,,BAD CHECK / BAD CHECK RPT
476A,,,OVER $200 CLOSED
476B,,,UNDER 200 CLOSED
484,W,P4,THEFT BY FRAUD / THEFT FRAUD RPT
484A,,,Theft (PC 484(a))
484E,W,P3,FRAUD CREDIT APP
484F,W,P3,COUNTERFEIT CARD
484G,W,P3,FRAUD USE CR CRD
484R,W,P4,THEFT FRAUD RPT
485,M,P3,THEFT:LOST PROP
487,F,P4,GRAND THEFT / GRAND THEFT RPT
487.3,F,P3,THEFT OF GUN RPT
487A,F,P3,GRAND THEFT BOVI
487E,M,P3,487 DOG OVER 400
487F,M,P3,487 DOG UNDR 400
487H,F,P2,Grand theft of cargo
487R,F,P4,GRAND THEFT RPT
488,M,P4,PETTY THEFT / PETTY THEFT RPT
490.1,M,P4,488 LESS THAN 50
490.2,M,P4,488 < $950
490.5,M,P4,488 RETAIL J/O / 488 RETAIL I/P / 488 RETAIL RPT
496,W,P4,POSS STLN PROP / POSS STLN PRP RP
496A,,,Receiving or concealing stolen property
496R,W,P4,POSS STLN PRP RP
498,W,P4,UTILITIES THEFT / UTIL THEFT RPT
499B,M,P3,Joyriding
499C,F,P3,THEFT TRADE SECR
499D,F,P3,Aircraft Theft
502,W,P4,COMPUTER CRIME / COMP CRIME RPT
502.7,M,P3,Phone svc theft
503,F,P3,EMBEZZLEMENT RPT
5150SB,,,Mental health detention/evaluation (WIC 5150)
518,F,P2,EXTORTION
519,F,P2,EXTORT FEAR/THRT
520,F,P2,EXTORTION FELONY
520119,I,P4,72HR PRKING CHH
529,W,P3,FALSE PERSONATIO
529.7,W,P3,FALSE DMV DOCS
530.5,W,P4,IDENTITY THEFT / IDENT THEFT RPT
530.5E,,,Mail theft
532,W,P4,FALSE PRETENSE
537,M,P4,DEFRAUD INNKP JO / DEFRAUD INNKP IP / DEFRAUD INNKP RP
537E,M,P3,SER # REMOVED
538D,M,P3,IMPERSN OFFICER
587,F,P4,DAMAGE TO RR RPT / DAMAGE TO RAILRD
587R,F,P4,DAMAGE TO RR RPT
591,M,P4,DAMAGE TO PHONE / DAMAGE TO PH RPT
592,M,P3,THEFT OF WATER
593D,W,P4,THEFT OF CABLE / THEFT CABLE RPT
594,W,P4,VANDALISM / VANDALISM RPT
594B,F,P4,GRAFF OVER 5000
597,W,P4,CRUELTY TO ANMLS / CRLTY ANMLS RPT
6,N,ADM,Legacy or undefined administrative code
601,C,P4,INCORRIGIBLE JUV / INCORRIG JUV RPT
602,M,P4,Trespassing
602.5,W,P4,ILL ENTRY DWELNG
603,W,P4,ILL ENTRY & 594
625B,F,P4,ARCFT TAMPERING / ARCFT TAMPRNG RP
626,M,P4,SCHOOL CRIME / SCHOOL CRIME RPT
626.10,F,P4,POSS WPN AT SCH
626.10R,F,P4,POSS WPN AT SCH
626.9,F,P4,FIREARM ON SCH
626.9R,F,P4,FIREARM ON SCH
632A,W,P3,ILLEGAL RECORDNG
6389,A,P4,SURRENDER FIRARM
640,,,Public transit violation (PC 640)
640.6,M,P4,GRAFFITI RPT
647,M,P4,DISORDERLY RPT / DISORDERLY CONDU
647A,M,P3,LEWD CONDUCT / LEWD CONDUCT RPT
647B,M,P4,PROSTITUTION / PROSTITUTION RPT
647C,M,P4,PANHANDLING / PANHANDLING RPT
647E,M,P3,LOITERING
647F,M,P4,DRUNK IN PUBLIC / DRUNK IN PUB RPT
647G,M,P4,PROWLING / PROWLING RPT
647GR,M,P4,PROWLING RPT
647H,M,P4,PEEPING TOM / PEEPING TOM RPT
647HR,M,P4,PEEPING TOM RPT
648,F,P3,COUNTERFEIT BILL
653.22,M,P3,POSS INTENT 647B
653F,M,P3,SOLICITING CRIME
653K,M,P4,POSS SWITCHBLADE
653M,M,P4,OBSCENE PH CALLS
653X,M,P4,911 HARRASS / 911 HARRAS
655A,M,P3,RECKLS/NEGL OPER
655B,M,P3,RECKLS OPER DUI
664187,F,P4,ATTEMPT MURDER
664207,F,P4,ATT KIDNAP J/O / ATT KIDNAP RPT
664211,F,P4,ATT ROBBERY J/O / ATT ROBBERY RPT
664215,F,P4,ATT CARJKING J/O / ATT CARJKING RPT
664242,M,P4,ATT ASSAULT J/O / ATT ASSLT INPROG
664245,F,P4,ATT ADW J/O / ATT ADW RPT
664261,,,Attempted rape (PC 664/261)
664278,F,P4,ATT CHILD ABDUCT
664451,F,P4,ATT ARSON J/O / ATT ARSON RPT
664459,F,P4,ATT BURG J/O / ATT BURG RPT
664459R,F,P4,ATT BURG RPT
664459V,F,P3,ATT VEH BURG RPT
664484,W,P3,ATT/CCARD OFENCE
664487,F,P4,ATT GRND THFT JO / ATT 487 RPT
664487R,F,P4,ATT 487 RPT
664488,M,P4,ATT PETTY THEFT
664GTA,F,P4,ATT GTA J/O / ATT GTA RPT
664GTAR,F,P4,ATT GTA RPT
666,W,P4,PRIOR CONVICTION
666.1,,,Petty theft/shoplifting with qualifying prior theft convictions
69,M,P3,RESIST EXEC OFF
71,W,P4,THREAT PUB OFFL
800MHZ,N,ADM,EMER 800MHZ
87,N,ADM,Legacy or undefined administrative code
905,N,SERV,ANIMAL PROBLEM
905A,M,P3,ABND/ABUSE ANML
905B,M,P4,DOG BITE / DOG BITE RPT
905VI,M,P3,VICIOUS/INJ ANML
907,N,P3,GANG MEMBERS
911FU,N,ADM,911 FOLLOW UP
999,N,P1,OFFICER HELP C3
AB109,A,P3,AB109 Contact
ABC,A,P4,ABC INCIDENT
ABNVEH,A,SERV,ABANDON VEH
ADMIN,N,ADM,Administrative
ADMN,N,ADM,Admin Duties
ALARM,N,P3,MISC ALARM
ALPR,A,P4,LIC PLATE READER
ALPR_F,,,Automatic license plate reader alert
AMBER,N,P1,Amber Alert
AMBERFU,N,P4,Amber Follow Up
ANIMAL,,,Animal-related highway call
AOD,N,SERV,ASSIST OTHR DEPT
APB,N,P3,APB
APPFU,W,P3,Armed&Prohib FU
APSFU,A,P4,ADULT PRO SVS FU
APSIR,A,P3,APS IMMED RESP
AREACK,N,SERV,AREA CHECK
ATL,N,P3,ATT TO LOCATE
AUDITS,A,P4,JAIL AUDIT RPT
AWOL,A,P3,ABSENT W/O LEAVE
B,N,SERV,BOAT STOP
BACK,N,P1,REQUEST BACK UP
BARCK,N,SERV,BAR CHECK
BIKCHK,N,SERV,Bicycle check
BIKECK,N,SERV,BIKE CHECK
BLY,A,P4,BANK LEVY
BOATCK,N,SERV,BOAT CHECK
BOATOD,N,SERV,Overdue Boat
BOLO,N,P3,BOLO
BOMB,F,P1,BOMB THREAT
BPAT,,,Business patrol
BPATU,,,Business patrol unit
BREAK,,,Traffic break led by officer
BRIBES,F,P3,BRIBERY
BRIEF,N,ADM,Sta Briefing
BRIEFING,N,ADM,Sta Briefing
BSCK,,,Business check
BSTOP,N,SERV,BOAT STOP
BURG,F,P3,BURGLARY J/O
BUSCK,N,SERV,BUSN CHECK
C7,N,ADM,Meal Break
CALLBK,N,ADM,TECH EXPECTS PRB
CARFIR,N,SERV,CAR FIRE
CBW,A,P4,CIVIL B/WARRANT
CCODES,A,P4,COUNTY CODE
CCOFF,A,P4,COURT CALL OFF
CCONT,,,COLLATERAL CONT
CCW,,,CONCEALED WPN
CELL,,,EMER IN JAIL
CFIRE,N,SERV,Car fire
CFU,,,COURT FOLLOWUP
CITCOM,,,Citizen compl.
CIVIL,,,CIVIL PROBLEM
COMCCD,,,COMML CODE ENF
COPFU,,,COMMUNITY FU
COPS,,,COPS MORE TRKNG
COR,,,Coroner Call
COR1,,,Coroner Call P1
COR2,,,Coroner Call P2
COR3,,,Coroner Call P3
COR4,,,Coroner Call P4
CORD,,,CITY ORDINANCE
CORDB,,,Coroner DB Call
CORFU,,,Coroner FU Call
CORTR,,,Coroner Trans
COUNTR,A,ADN,Counter visit
COURT,,,At Court
COURTESY,,,Courtesy Report
CPSFU,N,SERV,Child Protective Services follow-up
CPSIR,,,CPS IMMED RESP
CTO,,,CHILD TRANSFER
CURFEW,,,CURFEW
CVC,,,CA VEH CODE
CZP,N,SERV,COZEEP
DB,,,DEATH INV
DERAIL,,,TRAIN DERAIL
DESK,,,IN OFFICE
DISC,,,Inmate Disipline
DIST,,,Jail Disturbance
DOGPRO,,,DOG PROBLEM
DROWN,,,DROWNING
DUMP,,,ILL DUMP HAZMAT
ECHECK,,,ELEC SURV CK
ECONT,,,EMPLOYMENT CONT
ELC,,,LEVY CAR
ELK,,,KEEPER JOB
ELPP,,,LEVY PERSN PROP
EMPINJ,,,JAIL EMP INJ RPT
ENRBKG,,,JAIL ENR BKNG RP
ENSTAL,,,INSTAL ELEC SURV
EP,,,EVICTION POST
EREMOV,,,REMOVE ELEC SURV
ERIN,,,EMR RESP INF NET
ESCAPE,,,ESCAPE
EVCUST,,,EVAL FREE CUST
EVENT,,,SPECIAL EVENT
EVFOST,,,EVAL FOSTER HOME
EWO,,,EMP W/HOLD ORDER
EXPANDED TRAFFIC COLLISION,,,Expanded traffic collision
FABATE,,,FIRE ABATEMENT
FCONT,,,FIELD CONTACT
FD,,,FLAG DOWN
FED,,,FED OFFENSE
FI,,,FIELD INTER CARD
FIRE,,,ASSIST FIRE/CDF
FIREI,,,FIRE INSPECTION
FIREW,,,FIREWORKS
FISH,,,FISH & GAME VIO
FOOD,,,FOOD&AGRICULTURE
FOUNDA,,,FOUND ADULT
FOUNDC,,,FOUND CHILD
FOUNDN,,,FOUND NARCOTICS
FOUNDP,,,FOUND PROPERTY
FP,,,Foot Pursuit
FPAT,,,Foot Patrol
FTY,,,Traffic Pursuit
FU,A,ADM,FOLLOW UP
FU459,,,BURG FOLLOW UP
FUEL,,,Out for Fuel
GCC,,,Government/City Code violation
GRIEV,,,INMATE GRIEV RPT
GTA,,,GTA JUST OCCURED
GTAREC,,,GTA REC
H&S,,,H&S ACTIVITY
HAZARD,,,HAZARDOUS COND
HAZMAT,,,HAZARDOUS MATRL
HIDDEN,,,"The Sheriffs Department did not disclose details of this call in their call log, and we therefore do not have any details. It is also possible, due to an error, that this record was not downloaded from the call log. The call time is not known; the next disclosed call's time is used as a placeholder."
HIPOP,,,HIGHL POP PROJ
HOMER,A,ADM,Home visit
HOMEV,,,VIOLATION INV
HOSP,,,JAIL HOSP RUN
HOST,,,HOSTAGE SITUATIO
HOUSCD,,,HOUSING CODE ENF
HR,,,Hour / on-hour break
HS,,,H&S ACTIVITY
ICD,,,IN CUST DEATH
ICE,,,SUBJ ON ICE LAKE
ILLSHO,,,ILLEGAL SHOOTER
IMINJ,,,JL INMTE INJ RPT
INC,A,ADM,Incident report requested
INCUST,,,INCUSTODY
INFO,A,ADM,INFORMATION CALL
INSP,A,P4,JL FACILITY INSP
INV,N,P3,INVESTIGATION
ISEERC,N,SERV,iSeeRC Program
JAIL,N,ADM,AT THE JAIL
K9TRAIN,N,ADM,K9 Training
KIDCAR,N,SERV,CHILD LOCKD VEH
KNOCK,N,SERV,KNOCK AND TALK
KPEACE,N,SERV,KEEP THE PEACE
KTP,N,SERV,KEEP THE PEACE
LAW,N,ADM,DEFAULT LAW CODE
LFE,N,P1,LETHAL FORCE ENC
LNDUSE,A,P4,LAND USE CODE
LOCATE,N,P3,STLN VEH LOCATE
LOJACK,N,P3,Lojack Hit
LOSTP,C,P4,LOST PROPERTY
LSTBAD,A,P4,LOST BADGE
LSTPLT,M,P3,LOST/STLN PLT
MAGINS,A,P4,MAG INSPECTION
MAIT,F,P2,M.A.I.T. Call
MANDOW,N,P1,MAN DOWN
MANGUN,F,P2,MAN WITH A GUN
MANHUNT,F,P1,MANHUNT
MEDAID,N,SERV,MEDICAL AID
MEET,N,SERV,Meeting requested with deputy or unit
MISPER,N,P3,MISPER
MISVEH,N,P3,MISVEH
MZP,N,SERV,Maintenance project (MAZEEP)
NARC,W,P3,NARCOTIC ACTIVTY
NOTIF,N,ADM,NOTIFICATION
OC,M,P4,JL CAP STUN RPT
OD,W,P4,DRUG OVERDOSE / DRUG OVERDOSE RP
OHVPAT,N,SERV,OFF HIGHWAY PAT
OIS,F,P1,Officer-involved shooting
OPEN,N,SERV,OPEN DOOR/GATE
OPENR,N,P4,OPEN DOOR CHECK
OSC,A,P4,ORDER SHOW CAUSE
PANIC,N,P2,PANIC ALARM
PAPER,A,P4,OUT ON PAPER
PARK,I,P4,PARKING CITATION
PATINF,N,ADM,PATROL INFO
PC1170,A,P4,WORK RELEASE ARR
PCONT,A,P4,PLACEMENT CONTAC
PEDCK,N,SERV,Pedestrian check
PFC,,,Police and fire combined response
PKGVIO,I,P4,PARKING VIOLATIO
PLANED,F,P2,PLANE DOWN
POP,N,ADM,POP PROJECT
PRCS,N,ADM,Processing activity
PREA,,,Prison Rape Elimination Act incident/report
PRINTS,A,P4,FINGERPRINTING
PRITOW,A,SERV,PRIVATE TOW
PROBFU,A,P4,PROB FOLLOW UP
PROTEST,,,Protest
PROVIO,A,P3,PROB VIO GANG
PT,N,ADM,Physical training
PTH,A,P3,PRISONER TO HOSP
PTRANS,A,ADM,PRISONER TRANS
PUBNUI,A,P4,PUBLIC NUISANCE
PUBSER,N,SERV,PUBLIC SERVICE
PURSE,F,P4,ROBBRY STRNG ARM / ROBBERY SA I/P / ROBBERY SA RPT
PURSUI,W,P2,Traffic Pursuit
RAJ,N,P4,RAJ REPORT
RCCODE,A,P4,RC CITY CODE
RCCORD,A,P4,RC CITY ORDANCES
RDRAGE,M,P3,ROAD RAGE
RECPRO,N,P4,RECOVERED PROP
REPO,C,P4,REPOSSESSION
REPORT,N,ADM,Writing Report
REST,N,ADM,Rest Room Stop
RETPER,N,P4,RETURNED MISSPER
RGSTRNT,,,Restraining order violation
RIOT,F,P1,RIOT
RXPAT,,,Extra patrol recall
S&R,N,P1,SEARCH & RESCUE
SAFKEE,A,P4,KEEPING OF PROP
SBPD,N,ADM,SBPD CALL
SEARCH,A,P3,SEARCH WARRANT
SECCK,N,SERV,Security Check
SERVE,A,P4,LEGAL SERVICE
SGLSER,C,P4,SMALL CLAIMS PRO
SHAKE,A,P3,JAIL SHAKEDOWN
SHOTSF,F,P2,SHOTS FIRED
SHOTSH,F,P2,SHOTS HEARD
SHOTSP,,,ShotSpotter / gunshot detection alert
SKS,A,P4,SKS BUY BACK
SOAA,N,SERV,ASST OA SEARCH
SOREQ,N,SERV,FIRE REQUEST SO
SPLIT,N,ADM,DEF SPLIT ON WAR
SPROP,N,SERV,PROPERTY SEARCH
SR,N,ADM,Supplemental report
SS,N,P3,Subject Stop
STA,N,ADM,Sta Avl
STAB,F,P1,STABBING
STRIKE,N,SERV,STRIKE EVENT
STRIP,A,P3,STRIP SEARCH
STU,N,ADM,At Station Unavl
SUBCK,N,P3,SUBJECT CHECK
SUBSER,A,P4,SUBPOENA SERVICE
SUPP,N,ADM,SUPPLEMENTAL RPT
SUSCIR,M,P3,SUSPICIOUS CIRCS
SUSCON,M,P3,SUSPECT CONTACT
SUSPER,M,P3,SUSPICIOUS PER
SUSVEH,M,P3,SUSPICIOUS VEH
SV,N,SERV,SCHOOL VISIT
SWATTNG,,,Swatting hoax
T,N,P3,Traffic Stop
T911,N,ADM,Text 911 FU
TAG,M,P3,TAGGER
TEST,N,ADM,TEST
TEST1,,,Technical system test
THEFT,W,P3,"THEFT, MISC"
THEFTR,W,P4,"THEFT, MISC RPT"
TILTAP,W,P3,TILL TAP
TOW,A,SERV,TOW REQUEST
TP,W,P2,Traffic Pursuit
TPAT,,,Traffic patrol / targeted patrol
TRAF,I,P4,TRAFFIC CITATION
TRAFFIC COLLISION,,,Traffic collision
TRAING,N,ADM,Inservice Traing
TRAN,N,SERV,TRANSIENT
TRLRLOC,A,P4,ALPR TRAILER LOC
TRO,C,P4,TEMP REST ORDER
TSTOP,N,P3,Traffic Stop
UNKPRO,N,P3,Unknown problem
UNWANT,N,SERV,Unwanted person
UOF,F,P2,Use of Force
VACPAT,N,SERV,VACATION REPORT
VCAM1,N,ADM,Video Camera P1
VCAM2,N,ADM,Video Camera P2
VCCODE,,,Victorville City Code
VCONT,N,SERV,VICTIM CONTACT
VEHCK,N,SERV,VEHICLE CHECK
VEHICLE FIRE,,,Vehicle fire
VEHREL,A,SERV,Vehicle Release
VEHSER,N,SERV,Vehicle Service
VINVER,A,P4,VIN VERIFICATION
W911,N,ADM,Wireless 911 FU
WARARR,F,P2,Warrant arrest
WARR,A,P3,WARRANT
WARREX,F,P2,WARRANT Extradit
WARSER,F,P2,ATTEMPT WARSER
WEAPON,W,P4,P/M/S DANGER WPN / P/M/S WPNS RPT
WEAPONG,W,P3,P/M/S WPNS GANG
WEAPONR,W,P4,Report of weapon-related incident
WELCK,N,SERV,WELFARE CHECK
WIRES DOWN,N,SERV,Wires down or utility wire hazard
WP,C,P4,EVICTION
XPAT,N,SERV,EXTRA PATROL
